Name,Mean,MeanLB,MeanUB,Stddev,StddevLB,StddevUB
eval/Auto.Env.Strict.EnvV/,5.938891414845141e-4,5.924077493906414e-4,5.952447780587399e-4,4.506509350593906e-6,3.823373952319608e-6,5.692189012382283e-6
