Name,Mean,MeanLB,MeanUB,Stddev,StddevLB,StddevUB
eval/Auto.Env.Strict.EnvV/,5.888377228252951e-4,5.873764721172574e-4,5.906958226705641e-4,5.377606216239903e-6,3.753272243338009e-6,8.239992603551745e-6
