Name,Mean,MeanLB,MeanUB,Stddev,StddevLB,StddevUB
nf/Auto.Env.Strict.EnvV/,8.881762311019274e-4,8.85576202635685e-4,8.910430010869408e-4,9.244391787765586e-6,7.361996327986615e-6,1.2458474393745158e-5
