Name,Mean,MeanLB,MeanUB,Stddev,StddevLB,StddevUB
nf/Auto.Env.Strict.EnvV/,9.030840575989528e-4,9.002922554959976e-4,9.071797726093508e-4,1.0975838193654639e-5,8.088120825902173e-6,1.797080072255427e-5
