Name,Mean,MeanLB,MeanUB,Stddev,StddevLB,StddevUB
eval/Auto.Env.Strict.EnvV/,6.784209907152968e-4,6.767733598378034e-4,6.801168687993795e-4,6.116519456429863e-6,5.150112235048366e-6,7.301788272062069e-6
