Name,Mean,MeanLB,MeanUB,Stddev,StddevLB,StddevUB
eval/Auto.Env.Strict.EnvV/,6.569351557858119e-4,6.53609865232191e-4,6.600789366395523e-4,1.119760772278404e-5,9.424386923180695e-6,1.5182362610495317e-5
