Name,Mean,MeanLB,MeanUB,Stddev,StddevLB,StddevUB
nf/Auto.Env.Strict.EnvV/,9.543512158072397e-4,9.523787806067829e-4,9.562737825193287e-4,6.646658600092411e-6,5.472328018845038e-6,8.468169386248816e-6
