Name,Mean,MeanLB,MeanUB,Stddev,StddevLB,StddevUB
nf/Auto.Env.Strict.EnvV/,9.323770576276591e-4,9.292612706136258e-4,9.353252072218728e-4,1.0060290932912595e-5,8.331676739232209e-6,1.2358016003192709e-5
