Name,Mean,MeanLB,MeanUB,Stddev,StddevLB,StddevUB
eval/Auto.Env.Strict.EnvV/,3.1085650355146014e-3,3.0999874508515135e-3,3.116469391515489e-3,2.6398497276110908e-5,2.166405073261035e-5,3.175225687260358e-5
