Name,Mean,MeanLB,MeanUB,Stddev,StddevLB,StddevUB
eval/Auto.Env.Strict.EnvV/,3.4505146619026586e-3,3.4290708579493333e-3,3.496521956559073e-3,9.780033129437014e-5,5.030557385957467e-5,1.836954605189522e-4
