Name,Mean,MeanLB,MeanUB,Stddev,StddevLB,StddevUB
nf/Auto.Env.Strict.EnvV/,1.6288868004242734,1.6263809584779665,1.6313926423705802,2.987384931573813e-3,2.055112203034751e-3,3.582229653223453e-3
