Name,Mean,MeanLB,MeanUB,Stddev,StddevLB,StddevUB
nf/Auto.Env.Strict.EnvV/,1.779471271695608,1.7757578072487377,1.7831847361424784,4.375952964908975e-3,3.3186422086252236e-3,5.100444758015715e-3
