Name,Mean,MeanLB,MeanUB,Stddev,StddevLB,StddevUB
eval/Auto.Env.Strict.EnvV/,1.5844716992925798e-3,1.5809702779416178e-3,1.5885722320385291e-3,1.3440652051339255e-5,1.087506236689271e-5,1.7600780385685727e-5
