Name,Mean,MeanLB,MeanUB,Stddev,StddevLB,StddevUB
eval/Auto.Env.Strict.EnvV/,1.5828460203369428e-3,1.578683920911661e-3,1.5867443174505834e-3,1.4549301846771095e-5,1.236628125915984e-5,1.7467091008399605e-5
