Name,Mean,MeanLB,MeanUB,Stddev,StddevLB,StddevUB
nf/Auto.Env.Strict.EnvV/,0.1472053297357214,0.14659795358194574,0.14887660706146907,1.406627831532468e-3,3.153714205409797e-4,2.171746983359762e-3
