Name,Mean,MeanLB,MeanUB,Stddev,StddevLB,StddevUB
nf/Auto.Env.Strict.EnvV/,0.14894530121804267,0.14849821496927132,0.15055166283716623,1.0855469402780646e-3,2.1320498800228723e-4,1.64488973771502e-3
