Name,Mean,MeanLB,MeanUB,Stddev,StddevLB,StddevUB
eval/Auto.Env.Strict.EnvV/,1.0768766304922624e-3,1.0746450956498617e-3,1.078899974774121e-3,7.108801704979678e-6,6.0321234120334985e-6,8.348281663142353e-6
