Name,Mean,MeanLB,MeanUB,Stddev,StddevLB,StddevUB
eval/Auto.Env.Strict.EnvV/,1.0943953221644015e-3,1.0906243705379494e-3,1.099117605249938e-3,1.461803382803075e-5,1.183057770873353e-5,1.7519800037406863e-5
