Name,Mean,MeanLB,MeanUB,Stddev,StddevLB,StddevUB
nf/Auto.Env.Strict.EnvV/,0.12344473955897359,0.12277396463559853,0.12378839056604451,7.088528217614071e-4,2.3756682731638996e-4,1.1397902752920029e-3
