Name,Mean,MeanLB,MeanUB,Stddev,StddevLB,StddevUB
nf/Auto.Env.Strict.EnvV/,0.12295778968023764,0.12259776622461989,0.12326078913889173,5.004556207598191e-4,3.014505766133216e-4,7.256628127269976e-4
