Name,Mean,MeanLB,MeanUB,Stddev,StddevLB,StddevUB
eval/Auto.Env.Strict.EnvV/,6.46099610897967e-4,6.446178614666335e-4,6.475275559304596e-4,4.924549969934972e-6,4.2047257871366275e-6,5.918678278542937e-6
