Name,Mean,MeanLB,MeanUB,Stddev,StddevLB,StddevUB
eval/Auto.Env.Strict.EnvV/,6.677324990835898e-4,6.655490295538889e-4,6.695407124112642e-4,6.456906221391336e-6,5.487197842798395e-6,7.827166362417265e-6
