Name,Mean,MeanLB,MeanUB,Stddev,StddevLB,StddevUB
nf/Auto.Env.Strict.EnvV/,9.430335012814294e-4,9.398960539588344e-4,9.460594461191787e-4,1.0644196442301828e-5,8.962410001990468e-6,1.2954114140949173e-5
