Name,Mean,MeanLB,MeanUB,Stddev,StddevLB,StddevUB
nf/Auto.Env.Strict.EnvV/,9.166248508667651e-4,9.148871594210797e-4,9.185455139376927e-4,5.8868802424691474e-6,4.775397987234258e-6,7.596204494643779e-6
